{"cameraMode":{"drawMode":0,"name":"Shaded","section":"Shading Mode"},"sceneLighting":true,"audioPlay":false,"sceneViewState":{"m_AlwaysRefresh":false,"showFog":true,"showSkybox":true,"showFlares":true,"showImageEffects":true,"showParticleSystems":true,"showVisualEffectGraphs":true,"m_FxEnabled":true},"in2DMode":false,"pivot":{"x":-5.500007629394531,"y":4.795289993286133,"z":61.97154235839844},"rotation":{"x":0.005999492947012186,"y":-0.013500282540917397,"z":0.00007717862899880856,"w":0.9998998641967773},"size":147.37503051757813,"orthographic":false}