{"cameraMode":{"drawMode":0,"name":"Shaded","section":"Shading Mode"},"sceneLighting":false,"audioPlay":false,"sceneViewState":{"m_AlwaysRefresh":false,"showFog":true,"showSkybox":false,"showFlares":true,"showImageEffects":true,"showParticleSystems":true,"showVisualEffectGraphs":true,"m_FxEnabled":true},"in2DMode":false,"pivot":{"x":-2.4180033206939699,"y":1.7524023056030274,"z":28.19226837158203},"rotation":{"x":0.04972677305340767,"y":0.38793328404426577,"z":-0.02098608948290348,"w":0.9201162457466126},"size":12.12435531616211,"orthographic":false}