{"cameraMode":{"drawMode":0,"name":"Shaded","section":"Shading Mode"},"sceneLighting":true,"audioPlay":false,"sceneViewState":{"showFog":true,"showMaterialUpdate":true,"showSkybox":true,"showFlares":true,"showImageEffects":true,"showParticleSystems":true},"in2DMode":false,"pivot":{"x":14.285979270935059,"y":15.764333724975586,"z":9.956914901733399},"rotation":{"x":-0.32455435395240786,"y":-0.07057087868452072,"z":0.024290811270475389,"w":-0.9429190158843994},"size":4.290230751037598,"orthographic":false}