{"cameraMode":{"drawMode":0,"name":"Shaded","section":"Shading Mode"},"sceneLighting":true,"audioPlay":false,"sceneViewState":{"showFog":true,"showMaterialUpdate":true,"showSkybox":true,"showFlares":true,"showImageEffects":true,"showParticleSystems":true},"in2DMode":false,"pivot":{"x":14.238903045654297,"y":15.886911392211914,"z":10.05873966217041},"rotation":{"x":-0.316158264875412,"y":-0.06652982532978058,"z":0.022232212126255037,"w":-0.946110725402832},"size":5.490231513977051,"orthographic":false}