{"cameraMode":{"drawMode":0,"name":"Shaded","section":"Shading Mode"},"sceneLighting":true,"audioPlay":false,"sceneViewState":{"showFog":true,"showMaterialUpdate":false,"showSkybox":true,"showFlares":true,"showImageEffects":true,"showParticleSystems":true},"in2DMode":false,"pivot":{"x":31.642578125,"y":9.349853515625,"z":-0.275390625},"rotation":{"x":-0.051407817751169208,"y":-0.4417714774608612,"z":0.025272173807024957,"w":-0.895392894744873},"size":16.921039581298829,"orthographic":true}