{"cameraMode":{"drawMode":0,"name":"Shaded","section":"Shading Mode"},"sceneLighting":true,"audioPlay":false,"sceneViewState":{"showFog":true,"showMaterialUpdate":false,"showSkybox":true,"showFlares":true,"showImageEffects":true,"showParticleSystems":true},"in2DMode":false,"pivot":{"x":15.4776611328125,"y":9.126953125,"z":-7.955078125},"rotation":{"x":-0.18739943206310273,"y":-0.301445335149765,"z":0.06088859215378761,"w":-0.9330577850341797},"size":11.188213348388672,"orthographic":true}