{"cameraMode":{"drawMode":0,"name":"Shaded","section":"Shading Mode"},"sceneLighting":true,"audioPlay":false,"sceneViewState":{"showFog":true,"showMaterialUpdate":false,"showSkybox":true,"showFlares":true,"showImageEffects":true,"showParticleSystems":true},"in2DMode":false,"pivot":{"x":43.8740234375,"y":6.911767959594727,"z":-2.0797958374023439},"rotation":{"x":-0.06948237866163254,"y":-0.7076866030693054,"z":0.0707523450255394,"w":-0.6997572183609009},"size":9.105908393859864,"orthographic":true}