{"cameraMode":{"drawMode":0,"name":"Shaded","section":"Shading Mode"},"sceneLighting":true,"audioPlay":false,"sceneViewState":{"showFog":true,"showMaterialUpdate":false,"showSkybox":true,"showFlares":true,"showImageEffects":true,"showParticleSystems":true},"in2DMode":false,"pivot":{"x":0.8169612884521484,"y":2.9989013671875,"z":-9.92578125},"rotation":{"x":-0.12896117568016053,"y":-0.25340455770492556,"z":0.03424118086695671,"w":-0.9582511186599731},"size":4.826136112213135,"orthographic":true}