{"cameraMode":{"drawMode":0,"name":"Shaded","section":"Shading Mode"},"sceneLighting":false,"audioPlay":false,"sceneViewState":{"m_AlwaysRefresh":false,"showFog":true,"showSkybox":false,"showFlares":true,"showImageEffects":true,"showParticleSystems":true,"showVisualEffectGraphs":true,"m_FxEnabled":true},"in2DMode":false,"pivot":{"x":21.69000244140625,"y":23.599998474121095,"z":-45.80000305175781},"rotation":{"x":-0.016805585473775865,"y":0.02009263075888157,"z":-0.00033810336026363075,"w":-0.9996581673622131},"size":90.6001205444336,"orthographic":false}