{"cameraMode":{"drawMode":0,"name":"Shaded","section":"Shading Mode"},"sceneLighting":false,"audioPlay":false,"sceneViewState":{"m_AlwaysRefresh":false,"showFog":true,"showSkybox":false,"showFlares":true,"showImageEffects":true,"showParticleSystems":true,"showVisualEffectGraphs":true,"m_FxEnabled":true},"in2DMode":false,"pivot":{"x":41.40999984741211,"y":0.09999990463256836,"z":22.420000076293947},"rotation":{"x":0.022664112970232965,"y":0.45208922028541567,"z":0.01168833114206791,"w":-0.8917154669761658},"size":4.1742424964904789,"orthographic":false}